0.000000000000000000e+00,-1.866666666666666821e-02
0.000000000000000000e+00,-1.599999999999999686e-02
0.000000000000000000e+00,-1.333333333333333072e-02
0.000000000000000000e+00,-1.333333333333333072e-02
0.000000000000000000e+00,-1.866666666666666474e-02
0.000000000000000000e+00,-2.133333333333333262e-02
0.000000000000000000e+00,-1.866666666666666474e-02
0.000000000000000000e+00,-7.999999999999998432e-03
0.000000000000000000e+00,-7.999999999999998432e-03
-8.000000000000000167e-02,-1.333333333333333245e-02
0.000000000000000000e+00,-1.600000000000000033e-02
0.000000000000000000e+00,-1.066666666666666805e-02
8.000000000000000167e-02,2.666666666666666144e-03
8.000000000000000167e-02,-4.336808689942017736e-19
0.000000000000000000e+00,-5.333333333333334023e-03
0.000000000000000000e+00,-1.066666666666666805e-02
0.000000000000000000e+00,-2.666666666666665277e-03
0.000000000000000000e+00,5.333333333333331421e-03
0.000000000000000000e+00,1.066666666666666805e-02
0.000000000000000000e+00,1.066666666666666805e-02
0.000000000000000000e+00,1.066666666666667151e-02
8.000000000000000167e-02,1.333333333333333245e-02
8.000000000000000167e-02,1.600000000000000033e-02
8.000000000000000167e-02,2.133333333333333609e-02
8.000000000000000167e-02,2.133333333333333956e-02
8.000000000000000167e-02,1.866666666666667168e-02
8.000000000000000167e-02,2.400000000000000744e-02
8.000000000000000167e-02,2.666666666666666491e-02
1.600000000000000033e-01,2.933333333333333626e-02
1.600000000000000033e-01,2.933333333333333973e-02
1.600000000000000033e-01,2.666666666666666838e-02
1.600000000000000033e-01,2.933333333333333973e-02
1.600000000000000033e-01,3.733333333333333642e-02
1.600000000000000033e-01,4.000000000000000083e-02
1.600000000000000033e-01,4.266666666666665830e-02
1.600000000000000033e-01,3.999999999999999389e-02
2.399999999999999911e-01,4.266666666666666524e-02
1.600000000000000033e-01,4.266666666666666524e-02
1.600000000000000033e-01,4.266666666666666524e-02
1.600000000000000033e-01,4.266666666666666524e-02
1.600000000000000033e-01,3.999999999999999389e-02
2.399999999999999911e-01,3.999999999999999389e-02
1.600000000000000033e-01,3.733333333333333642e-02
1.600000000000000033e-01,4.000000000000000083e-02
1.600000000000000033e-01,3.999999999999998695e-02
2.399999999999999911e-01,4.266666666666665830e-02
2.399999999999999911e-01,4.533333333333332965e-02
2.399999999999999911e-01,4.266666666666666524e-02
2.399999999999999911e-01,4.266666666666667218e-02
2.399999999999999911e-01,4.266666666666666524e-02
3.200000000000000067e-01,4.533333333333332965e-02
3.200000000000000067e-01,4.800000000000000100e-02
2.399999999999999911e-01,4.799999999999999406e-02
2.399999999999999911e-01,4.799999999999999406e-02
3.200000000000000067e-01,4.799999999999999406e-02
3.200000000000000067e-01,5.066666666666665847e-02
3.200000000000000067e-01,4.800000000000000100e-02
2.399999999999999911e-01,5.066666666666667235e-02
3.200000000000000067e-01,5.066666666666667235e-02
3.200000000000000067e-01,5.066666666666666541e-02
3.200000000000000067e-01,5.333333333333333676e-02
3.200000000000000067e-01,5.333333333333333676e-02
3.200000000000000067e-01,5.333333333333333676e-02
3.200000000000000067e-01,5.066666666666666541e-02
3.200000000000000067e-01,4.800000000000000100e-02
3.200000000000000067e-01,5.066666666666666541e-02
4.000000000000000222e-01,5.333333333333333676e-02
4.000000000000000222e-01,5.333333333333332982e-02
3.200000000000000067e-01,5.333333333333332982e-02
3.200000000000000067e-01,5.333333333333332982e-02
4.000000000000000222e-01,5.333333333333332982e-02
3.200000000000000067e-01,5.599999999999999423e-02
4.000000000000000222e-01,5.599999999999998729e-02
4.000000000000000222e-01,5.599999999999998729e-02
4.000000000000000222e-01,5.599999999999998729e-02
4.000000000000000222e-01,5.333333333333332982e-02
4.799999999999999822e-01,5.333333333333331594e-02
4.000000000000000222e-01,5.599999999999998729e-02
4.799999999999999822e-01,5.599999999999998729e-02
4.799999999999999822e-01,5.599999999999998035e-02
4.799999999999999822e-01,5.599999999999998729e-02
4.799999999999999822e-01,5.599999999999998729e-02
4.799999999999999822e-01,5.599999999999999423e-02
4.799999999999999822e-01,5.599999999999999423e-02
4.000000000000000222e-01,5.599999999999998729e-02
4.000000000000000222e-01,5.599999999999998729e-02
4.799999999999999822e-01,5.866666666666665864e-02
4.799999999999999822e-01,5.866666666666666557e-02
4.799999999999999822e-01,5.866666666666667251e-02
5.600000000000000533e-01,5.866666666666666557e-02
4.799999999999999822e-01,5.866666666666666557e-02
5.600000000000000533e-01,6.133333333333332998e-02
5.600000000000000533e-01,6.133333333333332998e-02
5.600000000000000533e-01,6.133333333333332998e-02
5.600000000000000533e-01,6.133333333333332998e-02
5.600000000000000533e-01,6.133333333333333692e-02
5.600000000000000533e-01,6.400000000000000133e-02
5.600000000000000533e-01,6.400000000000000133e-02
5.600000000000000533e-01,6.400000000000000133e-02
6.400000000000000133e-01,6.400000000000000133e-02
6.400000000000000133e-01,6.666666666666667962e-02
5.600000000000000533e-01,6.666666666666666574e-02
6.400000000000000133e-01,6.666666666666666574e-02
5.600000000000000533e-01,6.666666666666666574e-02
5.600000000000000533e-01,6.666666666666666574e-02
6.400000000000000133e-01,6.933333333333334403e-02
6.400000000000000133e-01,6.933333333333333015e-02
6.400000000000000133e-01,6.933333333333333015e-02
6.400000000000000133e-01,6.933333333333333015e-02
6.400000000000000133e-01,6.933333333333334403e-02
6.400000000000000133e-01,7.200000000000000844e-02
6.400000000000000133e-01,7.200000000000000844e-02
6.400000000000000133e-01,7.199999999999999456e-02
6.400000000000000133e-01,7.199999999999999456e-02
6.400000000000000133e-01,7.200000000000000844e-02
6.400000000000000133e-01,7.466666666666667285e-02
6.400000000000000133e-01,7.466666666666665897e-02
6.400000000000000133e-01,7.199999999999999456e-02
6.400000000000000133e-01,7.199999999999999456e-02
6.400000000000000133e-01,7.200000000000000844e-02
6.400000000000000133e-01,7.466666666666667285e-02
7.199999999999999734e-01,7.733333333333333726e-02
7.199999999999999734e-01,7.999999999999998779e-02
7.199999999999999734e-01,7.733333333333333726e-02
7.199999999999999734e-01,8.000000000000000167e-02
7.199999999999999734e-01,8.266666666666667995e-02
7.199999999999999734e-01,8.266666666666667995e-02
7.199999999999999734e-01,8.266666666666666607e-02
7.199999999999999734e-01,8.000000000000000167e-02
7.199999999999999734e-01,8.000000000000001554e-02
7.199999999999999734e-01,8.000000000000001554e-02
8.000000000000000444e-01,8.266666666666669383e-02
7.199999999999999734e-01,8.266666666666667995e-02
7.199999999999999734e-01,8.266666666666669383e-02
8.000000000000000444e-01,8.533333333333335824e-02
8.000000000000000444e-01,8.800000000000003653e-02
8.000000000000000444e-01,9.066666666666670094e-02
8.000000000000000444e-01,9.066666666666668706e-02
7.199999999999999734e-01,9.066666666666667318e-02
8.000000000000000444e-01,9.066666666666668706e-02
8.000000000000000444e-01,9.066666666666668706e-02
8.800000000000000044e-01,9.333333333333335147e-02
8.800000000000000044e-01,9.333333333333335147e-02
8.000000000000000444e-01,9.066666666666670094e-02
8.000000000000000444e-01,9.066666666666670094e-02
8.000000000000000444e-01,9.066666666666670094e-02
8.000000000000000444e-01,9.333333333333336534e-02
8.800000000000000044e-01,9.333333333333335147e-02
8.000000000000000444e-01,9.333333333333335147e-02
8.800000000000000044e-01,9.333333333333336534e-02
8.800000000000000044e-01,9.333333333333336534e-02
8.800000000000000044e-01,9.333333333333336534e-02
8.800000000000000044e-01,9.066666666666668706e-02
8.800000000000000044e-01,9.066666666666668706e-02
8.800000000000000044e-01,8.800000000000002265e-02
8.800000000000000044e-01,8.800000000000002265e-02
8.800000000000000044e-01,8.800000000000002265e-02
9.599999999999999645e-01,8.800000000000000877e-02
9.599999999999999645e-01,9.066666666666667318e-02
9.599999999999999645e-01,9.066666666666668706e-02
9.599999999999999645e-01,9.333333333333336534e-02
9.599999999999999645e-01,9.600000000000001588e-02
9.599999999999999645e-01,9.600000000000001588e-02
8.800000000000000044e-01,9.600000000000001588e-02
9.599999999999999645e-01,9.600000000000001588e-02
9.599999999999999645e-01,9.600000000000001588e-02
1.040000000000000036e+00,9.866666666666668029e-02
9.599999999999999645e-01,9.866666666666666641e-02
1.040000000000000036e+00,1.013333333333333308e-01
1.040000000000000036e+00,1.013333333333333447e-01
1.040000000000000036e+00,1.013333333333333447e-01
1.040000000000000036e+00,1.013333333333333447e-01
1.040000000000000036e+00,1.040000000000000091e-01
9.599999999999999645e-01,1.066666666666666874e-01
1.040000000000000036e+00,1.093333333333333657e-01
9.599999999999999645e-01,1.093333333333333518e-01
1.040000000000000036e+00,1.120000000000000162e-01
1.040000000000000036e+00,1.120000000000000301e-01
1.040000000000000036e+00,1.093333333333333657e-01
1.040000000000000036e+00,1.093333333333333657e-01
1.040000000000000036e+00,1.093333333333333657e-01
1.040000000000000036e+00,1.120000000000000162e-01
1.040000000000000036e+00,1.146666666666666806e-01
1.040000000000000036e+00,1.173333333333333589e-01
1.040000000000000036e+00,1.173333333333333589e-01
1.040000000000000036e+00,1.173333333333333589e-01
1.120000000000000107e+00,1.226666666666667016e-01
1.040000000000000036e+00,1.253333333333333521e-01
1.040000000000000036e+00,1.253333333333333521e-01
1.040000000000000036e+00,1.253333333333333521e-01
1.040000000000000036e+00,1.280000000000000304e-01
1.120000000000000107e+00,1.280000000000000027e-01
1.120000000000000107e+00,1.306666666666666810e-01
1.120000000000000107e+00,1.306666666666666810e-01
1.040000000000000036e+00,1.306666666666666810e-01
1.199999899999999897e+00,1.333333333333333592e-01
1.120000000000000107e+00,1.360000000000000098e-01
1.120000000000000107e+00,1.386666666666666881e-01
1.120000000000000107e+00,1.360000000000000098e-01
1.120000000000000107e+00,1.360000000000000098e-01
1.120000000000000107e+00,1.360000000000000098e-01
1.199999899999999897e+00,1.413333333333333663e-01
1.199999899999999897e+00,1.413333333333333386e-01
1.199999899999999897e+00,1.386666666666666603e-01
1.199999899999999897e+00,1.386666666666666603e-01
1.199999899999999897e+00,1.413333333333333386e-01
1.199999899999999897e+00,1.440000000000000169e-01
1.199999899999999897e+00,1.466666666666666952e-01
1.199999899999999897e+00,1.493333333333333457e-01
1.199999899999999897e+00,1.493333333333333179e-01
1.199999899999999897e+00,1.519999999999999962e-01
1.199999899999999897e+00,1.573333333333333528e-01
1.199999899999999897e+00,1.600000000000000311e-01
1.199999899999999897e+00,1.600000000000000311e-01
1.199999899999999897e+00,1.626666666666666539e-01
1.280000000000000027e+00,1.653333333333333321e-01
1.280000000000000027e+00,1.680000000000000382e-01
1.199999899999999897e+00,1.706666666666666887e-01
1.280000000000000027e+00,1.733333333333333670e-01
1.280000000000000027e+00,1.760000000000000453e-01
1.280000000000000027e+00,1.760000000000000175e-01
1.280000000000000027e+00,1.813333333333333741e-01
1.280000000000000027e+00,1.839999999999999969e-01
1.280000000000000027e+00,1.866666666666666752e-01
1.280000000000000027e+00,1.866666666666666474e-01
1.360000000000000098e+00,1.893333333333333257e-01
1.360000000000000098e+00,1.919999999999999762e-01
1.280000000000000027e+00,1.946666666666666545e-01
1.360000000000000098e+00,1.973333333333333328e-01
1.360000000000000098e+00,2.000000000000000111e-01
1.360000000000000098e+00,2.053333333333333399e-01
1.360000000000000098e+00,2.106666666666666687e-01
1.360000000000000098e+00,2.133333333333333193e-01
1.360000000000000098e+00,2.186666666666667036e-01
1.360000000000000098e+00,2.213333333333333541e-01
1.360000000000000098e+00,2.240000000000000324e-01
1.360000000000000098e+00,2.293333333333333612e-01
1.360000000000000098e+00,2.373333333333333961e-01
1.439999900000000110e+00,2.400000000000000744e-01
1.439999900000000110e+00,2.426666666666666972e-01
1.439999900000000110e+00,2.480000000000000537e-01
1.439999900000000110e+00,2.506666666666667043e-01
1.439999900000000110e+00,2.533333333333334103e-01
1.439999900000000110e+00,2.586666666666667669e-01
1.439999900000000110e+00,2.613333333333334174e-01
1.439999900000000110e+00,2.693333333333334245e-01
1.439999900000000110e+00,2.746666666666667256e-01
1.439999900000000110e+00,2.800000000000000266e-01
1.439999900000000110e+00,2.826666666666666772e-01
1.520000000000000018e+00,2.853333333333333832e-01
1.439999900000000110e+00,2.933333333333333348e-01
1.439999900000000110e+00,2.986666666666666914e-01
1.520000000000000018e+00,3.039999999999999925e-01
1.439999900000000110e+00,3.066666666666666985e-01
1.520000000000000018e+00,3.119999999999999996e-01
1.520000000000000018e+00,3.173333333333333006e-01
1.520000000000000018e+00,3.253333333333333077e-01
1.520000000000000018e+00,3.306666666666666088e-01
1.520000000000000018e+00,3.359999999999999654e-01
1.520000000000000018e+00,3.413333333333332664e-01
1.520000000000000018e+00,3.493333333333332735e-01
1.520000000000000018e+00,3.546666666666666301e-01
1.520000000000000018e+00,3.626666666666666372e-01
1.520000000000000018e+00,3.679999999999999938e-01
1.520000000000000018e+00,3.706666666666666443e-01
1.520000000000000018e+00,3.813333333333333020e-01
1.520000000000000018e+00,3.893333333333333091e-01
1.599999900000000030e+00,3.946666666666667211e-01
1.520000000000000018e+00,4.026666666666666727e-01
1.599999900000000030e+00,4.106666666666667354e-01
1.520000000000000018e+00,4.186666666666667425e-01
1.599999900000000030e+00,4.293333333333334556e-01
1.599999900000000030e+00,4.346666666666667567e-01
1.599999900000000030e+00,4.400000000000000022e-01
1.599999900000000030e+00,4.453333333333334698e-01
1.599999900000000030e+00,4.533333333333334214e-01
1.599999900000000030e+00,4.613333333333333730e-01
1.599999900000000030e+00,4.666666666666667296e-01
1.599999900000000030e+00,4.720000000000000862e-01
1.599999900000000030e+00,4.773333333333334427e-01
1.679999900000000101e+00,4.853333333333333943e-01
1.599999900000000030e+00,4.933333333333334014e-01
1.679999900000000101e+00,4.986666666666667580e-01
1.679999900000000101e+00,5.040000000000001146e-01
1.599999900000000030e+00,5.093333333333334156e-01
1.599999900000000030e+00,5.200000000000001288e-01
1.679999900000000101e+00,5.253333333333334298e-01
1.679999900000000101e+00,5.333333333333334370e-01
1.599999900000000030e+00,5.386666666666666270e-01
1.679999900000000101e+00,5.466666666666667451e-01
1.760000000000000009e+00,5.546666666666667522e-01
1.760000000000000009e+00,5.626666666666666483e-01
1.679999900000000101e+00,5.679999999999999494e-01
1.760000000000000009e+00,5.759999999999999565e-01
1.760000000000000009e+00,5.813333333333333686e-01
1.679999900000000101e+00,5.893333333333332646e-01
1.760000000000000009e+00,5.973333333333332718e-01
1.760000000000000009e+00,6.026666666666666838e-01
1.760000000000000009e+00,6.079999999999999849e-01
1.760000000000000009e+00,6.133333333333333970e-01
1.760000000000000009e+00,6.213333333333334041e-01
1.760000000000000009e+00,6.266666666666668162e-01
1.760000000000000009e+00,6.346666666666668233e-01
1.760000000000000009e+00,6.426666666666668304e-01
1.760000000000000009e+00,6.480000000000002425e-01
1.839999900000000022e+00,6.533333333333335435e-01
1.839999900000000022e+00,6.586666666666669556e-01
1.760000000000000009e+00,6.613333333333335506e-01
1.839999900000000022e+00,6.666666666666668517e-01
1.839999900000000022e+00,6.693333333333334467e-01
1.839999900000000022e+00,6.746666666666667478e-01
1.839999900000000022e+00,6.773333333333333428e-01
1.839999900000000022e+00,6.799999999999999378e-01
1.839999900000000022e+00,6.826666666666666439e-01
1.839999900000000022e+00,6.853333333333333499e-01
1.839999900000000022e+00,6.853333333333333499e-01
1.839999900000000022e+00,6.879999999999999449e-01
1.839999900000000022e+00,6.853333333333332389e-01
1.919999999999999929e+00,6.879999999999999449e-01
1.839999900000000022e+00,6.853333333333332389e-01
1.839999900000000022e+00,6.853333333333332389e-01
1.919999999999999929e+00,6.853333333333333499e-01
1.919999999999999929e+00,6.826666666666665328e-01
1.839999900000000022e+00,6.773333333333332318e-01
1.919999999999999929e+00,6.773333333333331208e-01
1.919999999999999929e+00,6.746666666666665257e-01
1.919999999999999929e+00,6.693333333333332247e-01
1.919999999999999929e+00,6.613333333333333286e-01
1.919999999999999929e+00,6.560000000000000275e-01
1.919999999999999929e+00,6.506666666666667265e-01
2.000000000000000000e+00,6.453333333333334254e-01
1.919999999999999929e+00,6.373333333333334183e-01
2.000000000000000000e+00,6.293333333333334112e-01
1.919999999999999929e+00,6.186666666666666980e-01
2.000000000000000000e+00,6.106666666666668020e-01
1.919999999999999929e+00,6.026666666666667949e-01
1.919999999999999929e+00,5.946666666666667878e-01
1.919999999999999929e+00,5.866666666666666696e-01
2.000000000000000000e+00,5.759999999999999565e-01
2.079999899999999791e+00,5.706666666666666554e-01
1.919999999999999929e+00,5.600000000000000533e-01
2.000000000000000000e+00,5.519999999999999352e-01
2.000000000000000000e+00,5.439999999999999281e-01
2.000000000000000000e+00,5.359999999999999210e-01
2.000000000000000000e+00,5.253333333333333188e-01
2.000000000000000000e+00,5.173333333333332007e-01
2.000000000000000000e+00,5.066666666666665986e-01
2.000000000000000000e+00,4.986666666666665915e-01
2.000000000000000000e+00,4.853333333333332833e-01
2.079999899999999791e+00,4.773333333333332762e-01
2.079999899999999791e+00,4.666666666666666186e-01
2.079999899999999791e+00,4.560000000000000164e-01
2.079999899999999791e+00,4.479999999999999538e-01
2.079999899999999791e+00,4.399999999999999467e-01
2.079999899999999791e+00,4.319999999999999951e-01
2.079999899999999791e+00,4.213333333333332820e-01
2.079999899999999791e+00,4.106666666666666798e-01
2.079999899999999791e+00,4.026666666666666727e-01
2.079999899999999791e+00,3.946666666666666101e-01
2.159999800000000025e+00,3.866666666666666585e-01
2.159999800000000025e+00,3.759999999999999454e-01
2.159999800000000025e+00,3.653333333333332877e-01
2.079999899999999791e+00,3.546666666666666301e-01
2.159999800000000025e+00,3.466666666666666230e-01
2.159999800000000025e+00,3.413333333333333219e-01
2.159999800000000025e+00,3.306666666666667198e-01
2.159999800000000025e+00,3.200000000000000622e-01
2.159999800000000025e+00,3.093333333333333490e-01
2.159999800000000025e+00,3.039999999999999925e-01
2.159999800000000025e+00,2.986666666666666914e-01
2.159999800000000025e+00,2.906666666666667398e-01
2.159999800000000025e+00,2.800000000000000822e-01
2.240000000000000213e+00,2.666666666666666630e-01
2.159999800000000025e+00,2.586666666666666559e-01
2.240000000000000213e+00,2.533333333333332993e-01
2.159999800000000025e+00,2.453333333333332644e-01
2.159999800000000025e+00,2.399999999999999634e-01
2.159999800000000025e+00,2.319999999999999563e-01
2.159999800000000025e+00,2.266666666666666274e-01
2.159999800000000025e+00,2.239999999999999492e-01
2.240000000000000213e+00,2.186666666666666203e-01
2.240000000000000213e+00,2.106666666666666132e-01
2.240000000000000213e+00,1.973333333333333328e-01
2.319999900000000004e+00,1.919999999999999485e-01
2.240000000000000213e+00,1.893333333333332702e-01
2.319999900000000004e+00,1.839999999999999414e-01
2.240000000000000213e+00,1.759999999999999620e-01
2.240000000000000213e+00,1.653333333333332766e-01
2.319999900000000004e+00,1.573333333333332973e-01
2.319999900000000004e+00,1.573333333333332695e-01
2.319999900000000004e+00,1.546666666666666468e-01
2.319999900000000004e+00,1.493333333333333179e-01
2.319999900000000004e+00,1.439999999999999891e-01
2.319999900000000004e+00,1.386666666666666603e-01
2.319999900000000004e+00,1.360000000000000375e-01
2.319999900000000004e+00,1.333333333333333592e-01
2.319999900000000004e+00,1.280000000000000027e-01
2.319999900000000004e+00,1.226666666666666877e-01
2.319999900000000004e+00,1.173333333333333311e-01
2.399999900000000075e+00,1.173333333333333589e-01
2.399999900000000075e+00,1.146666666666666806e-01
2.399999900000000075e+00,1.120000000000000301e-01
2.399999900000000075e+00,1.093333333333333518e-01
2.319999900000000004e+00,1.066666666666667013e-01
2.399999900000000075e+00,1.066666666666667013e-01
2.399999900000000075e+00,1.040000000000000091e-01
2.399999900000000075e+00,9.866666666666666641e-02
2.319999900000000004e+00,9.066666666666665930e-02
2.399999900000000075e+00,9.066666666666667318e-02
2.399999900000000075e+00,8.800000000000002265e-02
2.399999900000000075e+00,8.533333333333334436e-02
2.399999900000000075e+00,8.266666666666666607e-02
2.399999900000000075e+00,8.000000000000000167e-02
2.399999900000000075e+00,7.733333333333333726e-02
2.399999900000000075e+00,7.733333333333333726e-02
2.479999999999999982e+00,7.733333333333333726e-02
2.399999900000000075e+00,7.733333333333332338e-02
2.399999900000000075e+00,7.733333333333332338e-02
2.479999999999999982e+00,7.733333333333332338e-02
2.479999999999999982e+00,7.733333333333333726e-02
2.479999999999999982e+00,8.000000000000001554e-02
2.479999999999999982e+00,8.533333333333333048e-02
2.479999999999999982e+00,8.800000000000000877e-02
2.399999900000000075e+00,9.333333333333333759e-02
2.479999999999999982e+00,9.866666666666666641e-02
2.559999900000000217e+00,1.093333333333333379e-01
2.479999999999999982e+00,1.200000000000000233e-01
2.479999999999999982e+00,1.333333333333333592e-01
2.559999900000000217e+00,1.413333333333333663e-01
2.479999999999999982e+00,1.466666666666666952e-01
2.479999999999999982e+00,1.626666666666667094e-01
2.479999999999999982e+00,1.786666666666666958e-01
2.479999999999999982e+00,1.946666666666666545e-01
2.479999999999999982e+00,2.080000000000000460e-01
2.479999999999999982e+00,2.186666666666667036e-01
2.559999900000000217e+00,2.373333333333333683e-01
2.559999900000000217e+00,2.560000000000000053e-01
2.559999900000000217e+00,2.773333333333333206e-01
2.559999900000000217e+00,2.880000000000000338e-01
2.559999900000000217e+00,3.039999999999999925e-01
2.559999900000000217e+00,3.253333333333334187e-01
2.559999900000000217e+00,3.466666666666667340e-01
2.639999899999999844e+00,3.706666666666667553e-01
2.559999900000000217e+00,3.893333333333333646e-01
2.639999899999999844e+00,4.026666666666667282e-01
2.559999900000000217e+00,4.240000000000000435e-01
2.639999899999999844e+00,4.480000000000000093e-01
2.639999899999999844e+00,4.719999999999999751e-01
2.639999899999999844e+00,4.933333333333333459e-01
2.639999899999999844e+00,5.093333333333333046e-01
2.639999899999999844e+00,5.333333333333334370e-01
2.639999899999999844e+00,5.573333333333333472e-01
2.639999899999999844e+00,5.813333333333332575e-01
2.639999899999999844e+00,5.999999999999999778e-01
2.720000030000000013e+00,6.213333333333332931e-01
2.639999899999999844e+00,6.426666666666664973e-01
2.720000030000000013e+00,6.666666633333332426e-01
2.639999899999999844e+00,6.879999933333332818e-01
2.720000030000000013e+00,7.093333266666667081e-01
2.720000030000000013e+00,7.306666600000000233e-01
2.720000030000000013e+00,7.546666599999999336e-01
2.720000030000000013e+00,7.759999933333333599e-01
2.720000030000000013e+00,7.999999933333332702e-01
2.720000030000000013e+00,8.186666599999999905e-01
2.720000030000000013e+00,8.399999933333331947e-01
2.799999950000000126e+00,8.613333266666665100e-01
2.720000030000000013e+00,8.853333233333331442e-01
2.720000030000000013e+00,9.066666566666665705e-01
2.799999950000000126e+00,9.306666566666665918e-01
2.799999950000000126e+00,9.519999899999999071e-01
2.720000030000000013e+00,9.759999866666665413e-01
2.799999950000000126e+00,9.999999866666665627e-01
2.799999950000000126e+00,1.023999986666666473e+00
2.799999950000000126e+00,1.045333319999999899e+00
2.799999950000000126e+00,1.069333319999999921e+00
2.799999950000000126e+00,1.095999983333333150e+00
2.799999950000000126e+00,1.119999980000000006e+00
2.799999950000000126e+00,1.143999976666666640e+00
2.799999950000000126e+00,1.167999973333333275e+00
2.799999950000000126e+00,1.191999973333333296e+00
2.799999950000000126e+00,1.215999969999999930e+00
2.879999880000000179e+00,1.239999969999999951e+00
2.799999950000000126e+00,1.261333299999999991e+00
2.799999950000000126e+00,1.282666629999999808e+00
2.879999880000000179e+00,1.303999963333333234e+00
2.799999950000000126e+00,1.327999963333333033e+00
2.799999950000000126e+00,1.349333296666666460e+00
2.879999880000000179e+00,1.367999966666666456e+00
2.879999880000000179e+00,1.389333299999999660e+00
2.879999880000000179e+00,1.410666633333333309e+00
2.879999880000000179e+00,1.429333296666666531e+00
2.799999950000000126e+00,1.450666623333333405e+00
2.879999880000000179e+00,1.466666620000000254e+00
2.879999880000000179e+00,1.487999950000000071e+00
2.879999880000000179e+00,1.509333279999999888e+00
2.879999880000000179e+00,1.533333279999999688e+00
2.879999880000000179e+00,1.551999949999999906e+00
2.879999880000000179e+00,1.573333283333333332e+00
2.960000040000000165e+00,1.591999949999999941e+00
2.960000040000000165e+00,1.613333279999999981e+00
2.960000040000000165e+00,1.634666613333333407e+00
2.960000040000000165e+00,1.655999943333333446e+00
2.960000040000000165e+00,1.674666606666666890e+00
2.960000040000000165e+00,1.695999936666666708e+00
2.960000040000000165e+00,1.717333266666666747e+00
2.960000040000000165e+00,1.735999930000000191e+00
2.960000040000000165e+00,1.757333266666666782e+00
2.960000040000000165e+00,1.775999930000000004e+00
3.039999959999999835e+00,1.791999930000000019e+00
2.960000040000000165e+00,1.813333263333333445e+00
3.039999959999999835e+00,1.831999933333333441e+00
3.039999959999999835e+00,1.850666596666666885e+00
2.960000040000000165e+00,1.871999930000000090e+00
2.960000040000000165e+00,1.890666600000000086e+00
3.039999959999999835e+00,1.909333263333333530e+00
3.039999959999999835e+00,1.930666593333333569e+00
3.039999959999999835e+00,1.949333260000000179e+00
3.039999959999999835e+00,1.967999923333333623e+00
3.039999959999999835e+00,1.983999920000000472e+00
3.039999959999999835e+00,1.999999916666667099e+00
3.039999959999999835e+00,2.018666583333333708e+00
3.039999959999999835e+00,2.037333257666667397e+00
3.039999959999999835e+00,2.055999924333333784e+00
3.039999959999999835e+00,2.071999927666666963e+00
3.039999959999999835e+00,2.090666597666667403e+00
3.039999959999999835e+00,2.109333261000001070e+00
3.039999959999999835e+00,2.127999926000000208e+00
3.119999889999999887e+00,2.146666589333333874e+00
3.119999889999999887e+00,2.162666589333334333e+00
3.119999889999999887e+00,2.175999926000001139e+00
3.119999889999999887e+00,2.194666592666667526e+00
3.119999889999999887e+00,2.213333264000000522e+00
3.119999889999999887e+00,2.229333264000000536e+00
3.119999889999999887e+00,2.242666597333333733e+00
3.119999889999999887e+00,2.261333267333334174e+00
3.119999889999999887e+00,2.279999941666666974e+00
3.119999889999999887e+00,2.298666607000000361e+00
3.199999810000000000e+00,2.314666610333333097e+00
3.199999810000000000e+00,2.330666606999999946e+00
3.119999889999999887e+00,2.346666606999999960e+00
3.119999889999999887e+00,2.365333271999999987e+00
3.199999810000000000e+00,2.381333274000000166e+00
3.199999810000000000e+00,2.394666611666666611e+00
3.199999810000000000e+00,2.410666611666666626e+00
3.199999810000000000e+00,2.426666611666667084e+00
3.199999810000000000e+00,2.442666611000000376e+00
3.199999810000000000e+00,2.461333274666667403e+00
3.199999810000000000e+00,2.477333276333333778e+00
3.199999810000000000e+00,2.493333276333334236e+00
3.199999810000000000e+00,2.509333276333333806e+00
3.199999810000000000e+00,2.527999947666666802e+00
3.199999810000000000e+00,2.543999940333333765e+00
3.199999810000000000e+00,2.559999939666667501e+00
3.199999810000000000e+00,2.575999936333333906e+00
3.199999810000000000e+00,2.591999936333333920e+00
3.199999810000000000e+00,2.607999938333333656e+00
3.279999969999999987e+00,2.623999938999999948e+00
3.279999969999999987e+00,2.637333276999999754e+00
3.279999969999999987e+00,2.650666606999999786e+00
3.279999969999999987e+00,2.669333270333332564e+00
3.279999969999999987e+00,2.685333269999999217e+00
3.279999969999999987e+00,2.698666598666665806e+00
3.359999900000000039e+00,2.711999936666665612e+00
3.359999900000000039e+00,2.727999936666666070e+00
3.279999969999999987e+00,2.738666599999999729e+00
3.279999969999999987e+00,2.754666592666666691e+00
3.359999900000000039e+00,2.767999921333333724e+00
3.359999900000000039e+00,2.781333256666667086e+00
3.359999900000000039e+00,2.794666593333333893e+00
3.359999900000000039e+00,2.807999923333333481e+00
3.359999900000000039e+00,2.821333252000000513e+00
3.359999900000000039e+00,2.837333252666666805e+00
3.359999900000000039e+00,2.853333245333333767e+00
3.359999900000000039e+00,2.869333246333333864e+00
3.359999900000000039e+00,2.882666583999999865e+00
3.439999820000000152e+00,2.895999920333332867e+00
3.359999900000000039e+00,2.909333256666666312e+00
3.439999820000000152e+00,2.922666585333333344e+00
3.359999900000000039e+00,2.935999922999999789e+00
3.359999900000000039e+00,2.951999924666666164e+00
3.439999820000000152e+00,2.965333253333332753e+00
3.359999900000000039e+00,2.981333253999999044e+00
3.439999820000000152e+00,2.994666590333332046e+00
3.439999820000000152e+00,3.007999925333332047e+00
3.359999900000000039e+00,3.021333254666665802e+00
3.439999820000000152e+00,3.034666583333332834e+00
3.359999900000000039e+00,3.047999911999999423e+00
3.439999820000000152e+00,3.061333240666666011e+00
3.439999820000000152e+00,3.077333239999999304e+00
3.439999820000000152e+00,3.090666577999999554e+00
3.439999820000000152e+00,3.103999914333332999e+00
3.519999980000000139e+00,3.117333250666666444e+00
3.439999820000000152e+00,3.127999914999999742e+00
3.519999980000000139e+00,3.138666581000000289e+00
3.439999820000000152e+00,3.151999919000000094e+00
3.519999980000000139e+00,3.162666591333332722e+00
3.519999980000000139e+00,3.175999927666666167e+00
3.519999980000000139e+00,3.186666592333332826e+00
3.519999980000000139e+00,3.197333258333332928e+00
3.599999899999999808e+00,3.207999929666666361e+00
3.439999820000000152e+00,3.218666601999999433e+00
3.519999980000000139e+00,3.226666602333332801e+00
3.599999899999999808e+00,3.231999938666665795e+00
3.519999980000000139e+00,3.237333266999999459e+00
3.519999980000000139e+00,3.245333267333332827e+00
3.599999899999999808e+00,3.250666595666666492e+00
3.519999980000000139e+00,3.253333259999999338e+00
3.599999899999999808e+00,3.253333259999999338e+00
3.599999899999999808e+00,3.255999923999999712e+00
3.599999899999999808e+00,3.258666588333333447e+00
3.599999899999999808e+00,3.258666588333333003e+00
3.679999829999999861e+00,3.255999923999999712e+00
3.599999899999999808e+00,3.253333251999999565e+00
3.599999899999999808e+00,3.250666587999999635e+00
3.599999899999999808e+00,3.247999923666666344e+00
3.679999829999999861e+00,3.245333259666665970e+00
3.599999899999999808e+00,3.239999931333332306e+00
3.599999899999999808e+00,3.231999930999998938e+00
3.599999899999999808e+00,3.223999931666665653e+00
3.599999899999999808e+00,3.215999931333331840e+00
3.599999899999999808e+00,3.205333258999998769e+00
3.679999829999999861e+00,3.194666586666665697e+00
3.599999899999999808e+00,3.186666586333332329e+00
3.679999829999999861e+00,3.175999920333332671e+00
3.679999829999999861e+00,3.165333248999998794e+00
3.679999829999999861e+00,3.151999912666665793e+00
3.679999829999999861e+00,3.135999912333332418e+00
3.679999829999999861e+00,3.122666583666665829e+00
3.679999829999999861e+00,3.106666584333332537e+00
3.679999829999999861e+00,3.093333246333332731e+00
3.679999829999999861e+00,3.077333245666665995e+00
3.679999829999999861e+00,3.061333244999998815e+00
3.679999829999999861e+00,3.042666579999998788e+00
3.679999829999999861e+00,3.023999913999998679e+00
3.759999989999999848e+00,3.005333242666665239e+00
3.679999829999999861e+00,2.989333249999998721e+00
3.679999829999999861e+00,2.970666585333332055e+00
3.759999989999999848e+00,2.954666592666665537e+00
3.759999989999999848e+00,2.933333254333332363e+00
3.679999829999999861e+00,2.914666588333332253e+00
3.679999829999999861e+00,2.895999923333332227e+00
3.759999989999999848e+00,2.874666594666666075e+00
3.759999989999999848e+00,2.853333264333332675e+00
3.759999989999999848e+00,2.831999926666666223e+00
3.759999989999999848e+00,2.807999924999999841e+00
3.759999989999999848e+00,2.783999924999999820e+00
3.759999989999999848e+00,2.759999923999999716e+00
3.759999989999999848e+00,2.735999924333332611e+00
3.759999989999999848e+00,2.711999927666666199e+00
3.759999989999999848e+00,2.687999926666666539e+00
3.839999909999999961e+00,2.666666596333333139e+00
3.839999909999999961e+00,2.642666603333333253e+00
3.839999909999999961e+00,2.618666601333333510e+00
3.839999909999999961e+00,2.594666601333333489e+00
3.839999909999999961e+00,2.567999934666667095e+00
3.839999909999999961e+00,2.543999935000000434e+00
3.839999909999999961e+00,2.517333268333333596e+00
3.839999909999999961e+00,2.490666593666666984e+00
3.839999909999999961e+00,2.469333263666666944e+00
3.839999909999999961e+00,2.442666600333334159e+00
3.919999840000000013e+00,2.418666598333334417e+00
3.839999909999999961e+00,2.391999932666667661e+00
3.839999909999999961e+00,2.367999931000000835e+00
3.839999909999999961e+00,2.343999931000000814e+00
3.839999909999999961e+00,2.319999931000000348e+00
3.919999840000000013e+00,2.290666593000000972e+00
3.919999840000000013e+00,2.263999926666667495e+00
3.919999840000000013e+00,2.234666589000001036e+00
3.919999840000000013e+00,2.210666592333333735e+00
3.919999840000000013e+00,2.183999929000000950e+00
3.919999840000000013e+00,2.159999927333334124e+00
3.919999840000000013e+00,2.133333252666667068e+00
3.919999840000000013e+00,2.109333252666667491e+00
3.919999840000000013e+00,2.085333256000000635e+00
4.000000000000000000e+00,2.063999922666667430e+00
4.000000000000000000e+00,2.039999926000000574e+00
3.919999840000000013e+00,2.015999924333333748e+00
4.000000000000000000e+00,1.991999924333333727e+00
4.000000000000000000e+00,1.967999921000000318e+00
3.919999840000000013e+00,1.943999921000000519e+00
4.000000000000000000e+00,1.917333257666667068e+00
4.000000000000000000e+00,1.893333256666666742e+00
4.000000000000000000e+00,1.866666593333333735e+00
3.919999840000000013e+00,1.842666596666666656e+00
4.000000000000000000e+00,1.821333263333333230e+00
4.000000000000000000e+00,1.794666596666666836e+00
4.000000000000000000e+00,1.770666596666666814e+00
4.000000000000000000e+00,1.743999936666666972e+00
4.000000000000000000e+00,1.717333270000000134e+00
4.000000000000000000e+00,1.693333270000000335e+00
4.079999919999999669e+00,1.666666606666666883e+00
4.000000000000000000e+00,1.639999936666666658e+00
4.079999919999999669e+00,1.613333273333333207e+00
4.079999919999999669e+00,1.586666610000000199e+00
4.079999919999999669e+00,1.562666613333333343e+00
4.079999919999999669e+00,1.538666616666666709e+00
4.079999919999999669e+00,1.511999953333333258e+00
4.079999919999999669e+00,1.490666619999999831e+00
4.079999919999999669e+00,1.469333289999999570e+00
4.079999919999999669e+00,1.445333289999999771e+00
4.079999919999999669e+00,1.418666626666666319e+00
4.079999919999999669e+00,1.394666629999999685e+00
4.079999919999999669e+00,1.367999966666666234e+00
4.079999919999999669e+00,1.343999966666666435e+00
4.159999850000000166e+00,1.319999970000000022e+00
4.159999850000000166e+00,1.298666636666666596e+00
4.159999850000000166e+00,1.277333303333333170e+00
4.079999919999999669e+00,1.255999973333333131e+00
4.159999850000000166e+00,1.237333309999999909e+00
4.159999850000000166e+00,1.215999976666666704e+00
4.239999769999999835e+00,1.199999976666666690e+00
4.159999850000000166e+00,1.181333306666666694e+00
4.239999769999999835e+00,1.167999973333333275e+00
4.159999850000000166e+00,1.151999973333333260e+00
4.159999850000000166e+00,1.138666643333333228e+00
4.159999850000000166e+00,1.130666646666666608e+00
4.239999769999999835e+00,1.119999983333333171e+00
4.239999769999999835e+00,1.114666646666666594e+00
4.239999769999999835e+00,1.109333313333333182e+00
4.159999850000000166e+00,1.103999979999999770e+00
4.239999769999999835e+00,1.101333309999999788e+00
4.239999769999999835e+00,1.098666643333333193e+00
4.239999769999999835e+00,1.098666643333333193e+00
4.239999769999999835e+00,1.098666643333332971e+00
4.239999769999999835e+00,1.098666643333333193e+00
4.239999769999999835e+00,1.101333306666666401e+00
4.239999769999999835e+00,1.103999969999999831e+00
4.239999769999999835e+00,1.103999969999999831e+00
4.239999769999999835e+00,1.103999969999999831e+00
4.239999769999999835e+00,1.106666636666666648e+00
4.239999769999999835e+00,1.111999966666666451e+00
4.319999690000000392e+00,1.117333299999999863e+00
4.319999690000000392e+00,1.122666629999999888e+00
4.239999769999999835e+00,1.125333296666666705e+00
4.239999769999999835e+00,1.130666629999999895e+00
4.319999690000000392e+00,1.135999959999999920e+00
4.319999690000000392e+00,1.141333293333333110e+00
4.319999690000000392e+00,1.146666623333333135e+00
4.319999690000000392e+00,1.151999956666666547e+00
4.319999690000000392e+00,1.162666623333333149e+00
4.319999690000000392e+00,1.167999953333333174e+00
4.319999690000000392e+00,1.173333286666666586e+00
4.319999690000000392e+00,1.178666619999999998e+00
4.400000099999999748e+00,1.183999953333333188e+00
4.400000099999999748e+00,1.189333286666666600e+00
4.400000099999999748e+00,1.194666619999999790e+00
4.319999690000000392e+00,1.202666619999999797e+00
4.400000099999999748e+00,1.207999956666666375e+00
4.400000099999999748e+00,1.213333289999999565e+00
4.400000099999999748e+00,1.223999953333333002e+00
4.400000099999999748e+00,1.231999953333333231e+00
4.400000099999999748e+00,1.239999953333333238e+00
4.400000099999999748e+00,1.247999953333333245e+00
4.400000099999999748e+00,1.258666620000000069e+00
4.400000099999999748e+00,1.269333286666666671e+00
4.400000099999999748e+00,1.279999956666666661e+00
4.400000099999999748e+00,1.293333293333333245e+00
4.400000099999999748e+00,1.306666626666666664e+00
4.480000020000000305e+00,1.319999956666666696e+00
4.480000020000000305e+00,1.335999956666666488e+00
4.480000020000000305e+00,1.349333290000000130e+00
4.400000099999999748e+00,1.365333290000000144e+00
4.400000099999999748e+00,1.381333289999999936e+00
4.480000020000000305e+00,1.399999956666666545e+00
4.480000020000000305e+00,1.418666619999999989e+00
4.480000020000000305e+00,1.437333289999999764e+00
4.480000020000000305e+00,1.458666626666666799e+00
4.480000020000000305e+00,1.477333296666666573e+00
4.559999939999999974e+00,1.495999963333333405e+00
4.480000020000000305e+00,1.517333293333333444e+00
4.559999939999999974e+00,1.538666626666666648e+00
4.480000020000000305e+00,1.559999963333333239e+00
4.559999939999999974e+00,1.578666626666666906e+00
4.480000020000000305e+00,1.602666626666666705e+00
4.559999939999999974e+00,1.623999956666666744e+00
4.559999939999999974e+00,1.647999956666666987e+00
4.559999939999999974e+00,1.669333286666666805e+00
4.559999939999999974e+00,1.690666620000000231e+00
4.559999939999999974e+00,1.711999950000000270e+00
4.559999939999999974e+00,1.730666620000000488e+00
4.559999939999999974e+00,1.751999953333333693e+00
4.559999939999999974e+00,1.775999953333333492e+00
4.559999939999999974e+00,1.797333280000000144e+00
4.559999939999999974e+00,1.818666613333333792e+00
4.559999939999999974e+00,1.839999946666666997e+00
4.559999939999999974e+00,1.863999946666667018e+00
4.559999939999999974e+00,1.885333276666666835e+00
4.559999939999999974e+00,1.906666613333333649e+00
4.559999939999999974e+00,1.927999946666667075e+00
4.639999869999999582e+00,1.949333280000000279e+00
4.639999869999999582e+00,1.973333280000000522e+00
4.639999869999999582e+00,1.997333281666667126e+00
4.639999869999999582e+00,2.021333281666667148e+00
4.639999869999999582e+00,2.045333281666667169e+00
4.559999939999999974e+00,2.069333278333333581e+00
4.719999790000000139e+00,2.093333279333333685e+00
4.639999869999999582e+00,2.114666608666667003e+00
4.639999869999999582e+00,2.135999938666667042e+00
4.639999869999999582e+00,2.159999935333333454e+00
4.639999869999999582e+00,2.183999935333333475e+00
4.719999790000000139e+00,2.210666601333334036e+00
4.639999869999999582e+00,2.237333266666666987e+00
4.719999790000000139e+00,2.263999933333333381e+00
4.719999790000000139e+00,2.287999933333333846e+00
4.719999790000000139e+00,2.314666600000000241e+00
4.639999869999999582e+00,2.338666601333333706e+00
4.719999790000000139e+00,2.362666600999999922e+00
4.799999709999999808e+00,2.389333265999999512e+00
4.719999790000000139e+00,2.415999932666666350e+00
4.719999790000000139e+00,2.442666596000000023e+00
4.719999790000000139e+00,2.471999926333332986e+00
4.719999790000000139e+00,2.498666592999999825e+00
4.719999790000000139e+00,2.522666595666666733e+00
4.799999709999999808e+00,2.546666595666667199e+00
4.799999709999999808e+00,2.573333263333333676e+00
4.719999790000000139e+00,2.599999928999999543e+00
4.799999709999999808e+00,2.629333264999999642e+00
4.799999709999999808e+00,2.655999930333333037e+00
4.880000110000000113e+00,2.679999930333333058e+00
4.799999709999999808e+00,2.709333259666666827e+00
4.799999709999999808e+00,2.738666590333333595e+00
4.799999709999999808e+00,2.765333255333333184e+00
4.880000110000000113e+00,2.789333254999999845e+00
4.799999709999999808e+00,2.815999919999999879e+00
4.880000110000000113e+00,2.842666594666666491e+00
4.880000110000000113e+00,2.869333259666666525e+00
4.880000110000000113e+00,2.898666596666666262e+00
4.799999709999999808e+00,2.927999932333333000e+00
4.799999709999999808e+00,2.957333270333332376e+00
4.880000110000000113e+00,2.983999936666665409e+00
4.880000110000000113e+00,3.013333273666665590e+00
4.880000110000000113e+00,3.042666602999998915e+00
4.880000110000000113e+00,3.069333266999999310e+00
4.880000110000000113e+00,3.095999932333332705e+00
4.960000039999999721e+00,3.125333267999999443e+00
4.880000110000000113e+00,3.154666596999998962e+00
4.880000110000000113e+00,3.186666597999998629e+00
4.960000039999999721e+00,3.213333262999998663e+00
4.960000039999999721e+00,3.239999926666665697e+00
4.960000039999999721e+00,3.269333257333332909e+00
4.960000039999999721e+00,3.298666594333332647e+00
4.960000039999999721e+00,3.325333259333332681e+00
4.880000110000000113e+00,3.354666596333332862e+00
4.960000039999999721e+00,3.383999926333332464e+00
4.960000039999999721e+00,3.413333255333332428e+00
4.960000039999999721e+00,3.442666584666665752e+00
4.960000039999999721e+00,3.471999921999999295e+00
4.960000039999999721e+00,3.498666586999999328e+00
4.960000039999999721e+00,3.530666589666665800e+00
4.960000039999999721e+00,3.559999926666665981e+00
5.039999960000000279e+00,3.589333255666665945e+00
4.960000039999999721e+00,3.621333256999998973e+00
5.039999960000000279e+00,3.653333257999999084e+00
4.960000039999999721e+00,3.682666587333332409e+00
5.039999960000000279e+00,3.714666580666665219e+00
5.039999960000000279e+00,3.749333245999998621e+00
5.039999960000000279e+00,3.778666575333331945e+00
4.960000039999999721e+00,3.807999904666665714e+00
5.039999960000000279e+00,3.834666569666665747e+00
5.119999889999999887e+00,3.863999906666665485e+00
5.039999960000000279e+00,3.893333235999998809e+00
5.039999960000000279e+00,3.922666564999998773e+00
5.039999960000000279e+00,3.951999893999999180e+00
5.039999960000000279e+00,3.981333223333332505e+00
5.039999960000000279e+00,4.010666552666665829e+00
5.039999960000000279e+00,4.039999881999999154e+00
5.039999960000000279e+00,4.069333219333332252e+00
5.039999960000000279e+00,4.098666556666665350e+00
5.039999960000000279e+00,4.127999893666665976e+00
5.119999889999999887e+00,4.159999902999999222e+00
5.039999960000000279e+00,4.189333240333332320e+00
5.119999889999999887e+00,4.221333241666666680e+00
5.039999960000000279e+00,4.250666571000000005e+00
5.119999889999999887e+00,4.279999899999999968e+00
5.119999889999999887e+00,4.309333237333333066e+00
5.119999889999999887e+00,4.341333238666665650e+00
5.119999889999999887e+00,4.370666559666665840e+00
5.119999889999999887e+00,4.399999889000000053e+00
5.119999889999999887e+00,4.426666545999999869e+00
5.119999889999999887e+00,4.455999875333334082e+00
5.119999889999999887e+00,4.487999876666667554e+00
5.119999889999999887e+00,4.517333213999999764e+00
5.119999889999999887e+00,4.546666551333332862e+00
5.199999809999999556e+00,4.575999888333332599e+00
5.199999809999999556e+00,4.605333217333332563e+00
5.119999889999999887e+00,4.631999874666665740e+00
5.199999809999999556e+00,4.661333211666666365e+00
5.199999809999999556e+00,4.693333212999998949e+00
5.199999809999999556e+00,4.725333206333333536e+00
5.199999809999999556e+00,4.757333207666665231e+00
5.199999809999999556e+00,4.789333208666664454e+00
5.199999809999999556e+00,4.818666545999998441e+00
5.199999809999999556e+00,4.847999883333332427e+00
5.199999809999999556e+00,4.877333212333332391e+00
5.199999809999999556e+00,4.906666549333333016e+00
5.199999809999999556e+00,4.938666550666666488e+00
5.199999809999999556e+00,4.967999871999999151e+00
5.199999809999999556e+00,4.994666528999999855e+00
5.199999809999999556e+00,5.021333202000000107e+00
5.279999730000000113e+00,5.047999858999999923e+00
5.279999730000000113e+00,5.077333180333332585e+00
5.279999730000000113e+00,5.101333173333332915e+00
5.279999730000000113e+00,5.125333166333333246e+00
5.279999730000000113e+00,5.146666510999999389e+00
5.279999730000000113e+00,5.173333167999999205e+00
5.279999730000000113e+00,5.197333160999999535e+00
5.279999730000000113e+00,5.221333169999999413e+00
5.279999730000000113e+00,5.245333179000000179e+00
5.359999659999999722e+00,5.269333188000000057e+00
5.279999730000000113e+00,5.290666516666666652e+00
5.279999730000000113e+00,5.309333181666666235e+00
5.359999659999999722e+00,5.327999846333333345e+00
5.359999659999999722e+00,5.343999847000000081e+00
5.359999659999999722e+00,5.357333183666665555e+00
5.359999659999999722e+00,5.373333184333333179e+00
5.359999659999999722e+00,5.391999864999999836e+00
5.359999659999999722e+00,5.407999865666666572e+00
5.359999659999999722e+00,5.421333202000000462e+00
5.359999659999999722e+00,5.431999874333333089e+00
5.359999659999999722e+00,5.442666530666667057e+00
5.359999659999999722e+00,5.453333203333333934e+00
5.359999659999999722e+00,5.466666539666666935e+00
5.359999659999999722e+00,5.477333212000000451e+00
5.359999659999999722e+00,5.487999884666667327e+00
5.359999659999999722e+00,5.498666541333332880e+00
5.359999659999999722e+00,5.506666549666666022e+00
5.359999659999999722e+00,5.511999893666667205e+00
5.359999659999999722e+00,5.519999901999999459e+00
5.359999659999999722e+00,5.527999894666665526e+00
5.359999659999999722e+00,5.533333222999998746e+00
5.440000060000000026e+00,5.538666566999999930e+00
5.440000060000000026e+00,5.546666574999998822e+00
5.440000060000000026e+00,5.551999919000000006e+00
5.440000060000000026e+00,5.557333247333333226e+00
5.440000060000000026e+00,5.559999911666666961e+00
5.440000060000000026e+00,5.565333255666666368e+00
5.440000060000000026e+00,5.565333255666667256e+00
5.440000060000000026e+00,5.567999919666666742e+00
5.440000060000000026e+00,5.567999919666666742e+00
5.440000060000000026e+00,5.567999919666667630e+00
5.519999979999999695e+00,5.570666599666667551e+00
5.519999979999999695e+00,5.570666599666667551e+00
5.519999979999999695e+00,5.573333263666667925e+00
5.519999979999999695e+00,5.575999927666667411e+00
5.519999979999999695e+00,5.575999927666667411e+00
5.519999979999999695e+00,5.575999927666667411e+00
5.519999979999999695e+00,5.573333263666667037e+00
5.519999979999999695e+00,5.570666599666666663e+00
5.519999979999999695e+00,5.567999935666667177e+00
5.519999979999999695e+00,5.567999935666666289e+00
5.599999900000000252e+00,5.565333255666665480e+00
5.599999900000000252e+00,5.559999927666665620e+00
5.599999900000000252e+00,5.551999919333332478e+00
5.519999979999999695e+00,5.546666590999999258e+00
5.519999979999999695e+00,5.541333262666666037e+00
5.519999979999999695e+00,5.535999918333333270e+00
5.599999900000000252e+00,5.530666574333332974e+00
5.599999900000000252e+00,5.525333230333332679e+00
5.599999900000000252e+00,5.517333237666666612e+00
5.599999900000000252e+00,5.511999909333333392e+00
5.599999900000000252e+00,5.503999901000000250e+00
5.679999829999999861e+00,5.495999892999999581e+00
5.599999900000000252e+00,5.485333220666666953e+00
5.599999900000000252e+00,5.477333212333333812e+00
5.599999900000000252e+00,5.469333220000001106e+00
5.599999900000000252e+00,5.458666547666666702e+00
5.599999900000000252e+00,5.450666539333332672e+00
5.679999829999999861e+00,5.439999867000000044e+00
5.679999829999999861e+00,5.431999858666667791e+00
5.679999829999999861e+00,5.423999866333333308e+00
5.679999829999999861e+00,5.413333193666666432e+00
5.679999829999999861e+00,5.402666521333332916e+00
5.679999829999999861e+00,5.389333184999999915e+00
5.679999829999999861e+00,5.378666512666665511e+00
5.679999829999999861e+00,5.367999856333332431e+00
5.679999829999999861e+00,5.354666519666666069e+00
5.679999829999999861e+00,5.341333182999997931e+00
5.679999829999999861e+00,5.327999846333333345e+00
5.759999750000000418e+00,5.314666509666666983e+00
5.759999750000000418e+00,5.301333188999999280e+00
5.679999829999999861e+00,5.290666532333333727e+00
5.759999750000000418e+00,5.274666531666666991e+00
5.679999829999999861e+00,5.261333211000000176e+00
5.759999750000000418e+00,5.245333210333332552e+00
5.759999750000000418e+00,5.231999873666667078e+00
5.759999750000000418e+00,5.215999873000000342e+00
5.759999750000000418e+00,5.199999872333332718e+00
5.759999750000000418e+00,5.181333207333333135e+00
5.759999750000000418e+00,5.162666526666667366e+00
5.759999750000000418e+00,5.146666526000000630e+00
5.759999750000000418e+00,5.127999861333334408e+00
5.839999680000000026e+00,5.109333196333333937e+00
5.839999680000000026e+00,5.093333195666667201e+00
5.839999680000000026e+00,5.074666531000000091e+00
5.759999750000000418e+00,5.055999865999998732e+00
5.839999680000000026e+00,5.039999865333332885e+00
5.839999680000000026e+00,5.018666536666666289e+00
5.839999680000000026e+00,4.997333207666664556e+00
5.839999680000000026e+00,4.975999878999998849e+00
5.839999680000000026e+00,4.957333214333332627e+00
5.839999680000000026e+00,4.938666549666665517e+00
5.839999680000000026e+00,4.917333220666665561e+00
5.839999680000000026e+00,4.895999891666665604e+00
5.839999680000000026e+00,4.877333226999998494e+00
5.839999680000000026e+00,4.858666562333332273e+00
5.839999680000000026e+00,4.839999897666665163e+00
5.839999680000000026e+00,4.821333232999998941e+00
5.839999680000000026e+00,4.802666568333332719e+00
5.920000080000000331e+00,4.786666567666665095e+00
5.920000080000000331e+00,4.773333231333331206e+00
5.920000080000000331e+00,4.754666566666664984e+00
5.920000080000000331e+00,4.738666565999998248e+00
5.920000080000000331e+00,4.725333229666665247e+00
5.920000080000000331e+00,4.711999892999998885e+00
5.920000080000000331e+00,4.698666572666666319e+00
5.920000080000000331e+00,4.687999916333333239e+00
5.920000080000000331e+00,4.671999931333333578e+00
5.920000080000000331e+00,4.658666611000000124e+00
5.920000080000000331e+00,4.647999954666667044e+00
5.920000080000000331e+00,4.637333298333333964e+00
6.000000000000000000e+00,4.629333306000000370e+00
5.920000080000000331e+00,4.615999985333333555e+00
6.000000000000000000e+00,4.602666648666667193e+00
5.920000080000000331e+00,4.594666656333334487e+00
6.000000000000000000e+00,4.586666648000001345e+00
6.000000000000000000e+00,4.573333311333334983e+00
6.000000000000000000e+00,4.562666638666668995e+00
6.000000000000000000e+00,4.549333302333335105e+00
6.079999919999999669e+00,4.538666637666668002e+00
6.079999919999999669e+00,4.527999965333334487e+00
6.000000000000000000e+00,4.517333293000000971e+00
6.000000000000000000e+00,4.506666620666666567e+00
6.079999919999999669e+00,4.495999948333333052e+00
6.079999919999999669e+00,4.482666619666667351e+00
6.079999919999999669e+00,4.474666611333334210e+00
6.079999919999999669e+00,4.463999939000000694e+00
6.079999919999999669e+00,4.453333266666667178e+00
6.079999919999999669e+00,4.439999929999999040e+00
6.000000000000000000e+00,4.429333265666666186e+00
6.079999919999999669e+00,4.415999928999998936e+00
6.079999919999999669e+00,4.405333256666665420e+00
6.079999919999999669e+00,4.394666584333332793e+00
6.079999919999999669e+00,4.381333247666665542e+00
6.079999919999999669e+00,4.370666583333332689e+00
6.159999850000000166e+00,4.359999910666665812e+00
6.079999919999999669e+00,4.349333238333333185e+00
6.079999919999999669e+00,4.341333230333333404e+00
6.079999919999999669e+00,4.330666557666665639e+00
6.079999919999999669e+00,4.322666557333333159e+00
6.159999850000000166e+00,4.314666549000000018e+00
6.079999919999999669e+00,4.306666540666665988e+00
6.159999850000000166e+00,4.298666532666666207e+00
6.159999850000000166e+00,4.293333204666666347e+00
6.159999850000000166e+00,4.285333204333332979e+00
6.159999850000000166e+00,4.279999876333333120e+00
6.159999850000000166e+00,4.277333212333331858e+00
6.159999850000000166e+00,4.271999884333332886e+00
6.239999769999999835e+00,4.269333219999999152e+00
6.159999850000000166e+00,4.266666555999998778e+00
6.239999769999999835e+00,4.266666555999998778e+00
6.159999850000000166e+00,4.263999891999999292e+00
6.159999850000000166e+00,4.261333227999998918e+00
6.239999769999999835e+00,4.258666563666665184e+00
6.239999769999999835e+00,4.258666563666665184e+00
6.239999769999999835e+00,4.255999899333331449e+00
6.239999769999999835e+00,4.255999899333332337e+00
6.239999769999999835e+00,4.253333234999998602e+00
6.239999769999999835e+00,4.253333234999998602e+00
6.239999769999999835e+00,4.255999898999998976e+00
6.239999769999999835e+00,4.258666563333332711e+00
6.239999769999999835e+00,4.258666563333332711e+00
6.319999690000000392e+00,4.258666563333332711e+00
6.239999769999999835e+00,4.258666563333331823e+00
6.239999769999999835e+00,4.258666563333332711e+00
6.239999769999999835e+00,4.261333227666666446e+00
6.319999690000000392e+00,4.263999891666665931e+00
6.239999769999999835e+00,4.263999891666665931e+00
6.319999690000000392e+00,4.263999891666665931e+00
6.319999690000000392e+00,4.266666555666665417e+00
6.239999769999999835e+00,4.266666555666665417e+00
6.319999690000000392e+00,4.266666555666665417e+00
6.319999690000000392e+00,4.266666555666665417e+00
6.319999690000000392e+00,4.266666555666665417e+00
6.319999690000000392e+00,4.269333219666665791e+00
6.319999690000000392e+00,4.271999883666665276e+00
6.319999690000000392e+00,4.274666547666664762e+00
6.319999690000000392e+00,4.277333211666665136e+00
6.399999620000000000e+00,4.279999875999997982e+00
6.399999620000000000e+00,4.285333204333332091e+00
6.319999690000000392e+00,4.290666532333331951e+00
6.399999620000000000e+00,4.298666540333331731e+00
6.399999620000000000e+00,4.301333204333331217e+00
6.399999620000000000e+00,4.306666532666665326e+00
6.399999620000000000e+00,4.311999860999999434e+00
6.399999620000000000e+00,4.322666533666666311e+00
6.319999690000000392e+00,4.330666541666666092e+00
6.399999620000000000e+00,4.338666533999998798e+00
6.399999620000000000e+00,4.346666526333332392e+00
6.399999620000000000e+00,4.351999862666666274e+00
6.399999620000000000e+00,4.362666534999998902e+00
6.480000020000000305e+00,4.373333207333332417e+00
6.399999620000000000e+00,4.381333215333332198e+00
6.480000020000000305e+00,4.389333207666666681e+00
6.399999620000000000e+00,4.399999871999999534e+00
6.480000020000000305e+00,4.410666544333333050e+00
6.480000020000000305e+00,4.421333216666666566e+00
6.399999620000000000e+00,4.431999889000000081e+00
6.480000020000000305e+00,4.442666561666666958e+00
6.480000020000000305e+00,4.453333226333334061e+00
6.480000020000000305e+00,4.466666562666667062e+00
6.480000020000000305e+00,4.479999899333334312e+00
6.480000020000000305e+00,4.493333235666667314e+00
6.559999939999999974e+00,4.503999907999999941e+00
6.480000020000000305e+00,4.517333236666666529e+00
6.480000020000000305e+00,4.530666573333332892e+00
6.559999939999999974e+00,4.543999910000000142e+00
6.559999939999999974e+00,4.557333246666667392e+00
6.559999939999999974e+00,4.570666583000000394e+00
6.559999939999999974e+00,4.583999911333334509e+00
6.559999939999999974e+00,4.599999912000000357e+00
6.480000020000000305e+00,4.615999897000000018e+00
6.559999939999999974e+00,4.631999897666665866e+00
6.559999939999999974e+00,4.645333234333333117e+00
6.559999939999999974e+00,4.663999907000000000e+00
6.559999939999999974e+00,4.682666571666666222e+00
6.559999939999999974e+00,4.701333236666665805e+00
6.559999939999999974e+00,4.717333237333331653e+00
6.639999869999999582e+00,4.733333237999999277e+00
6.559999939999999974e+00,4.751999902666666387e+00
6.639999869999999582e+00,4.770666567333333496e+00
6.559999939999999974e+00,4.789333231999999718e+00
6.639999869999999582e+00,4.805333216999999379e+00
6.639999869999999582e+00,4.823999897666666925e+00
6.639999869999999582e+00,4.842666562666666508e+00
6.639999869999999582e+00,4.863999891666667352e+00
6.559999939999999974e+00,4.885333220666666421e+00
6.639999869999999582e+00,4.903999885333333530e+00
6.559999939999999974e+00,4.922666549999999752e+00
6.639999869999999582e+00,4.943999878666666348e+00
6.639999869999999582e+00,4.967999871666666678e+00
6.559999939999999974e+00,4.989333200333334162e+00
6.639999869999999582e+00,5.010666529333333230e+00
6.639999869999999582e+00,5.029333194000000340e+00
6.639999869999999582e+00,5.053333203000000218e+00
6.639999869999999582e+00,5.077333196000000548e+00
6.719999790000000139e+00,5.101333204999999538e+00
6.719999790000000139e+00,5.125333197999998980e+00
6.719999790000000139e+00,5.149333190999999310e+00
6.639999869999999582e+00,5.173333199999999188e+00
6.719999790000000139e+00,5.199999872999998551e+00
6.719999790000000139e+00,5.223999881666665956e+00
6.719999790000000139e+00,5.250666554666665320e+00
6.719999790000000139e+00,5.277333227666665572e+00
6.719999790000000139e+00,5.303999884666666276e+00
6.719999790000000139e+00,5.330666541666666092e+00
6.719999790000000139e+00,5.357333198666665908e+00
6.719999790000000139e+00,5.383999871666666159e+00
6.799999709999999808e+00,5.410666544666666411e+00
6.719999790000000139e+00,5.437333201999998700e+00
6.719999790000000139e+00,5.466666539333332686e+00
6.799999709999999808e+00,5.498666540666667046e+00
6.799999709999999808e+00,5.527999877666665896e+00
6.799999709999999808e+00,5.557333198999999446e+00
6.799999709999999808e+00,5.586666535999999184e+00
6.799999709999999808e+00,5.618666537000000183e+00
6.799999709999999808e+00,5.650666538333333655e+00
6.799999709999999808e+00,5.679999859666668094e+00
6.799999709999999808e+00,5.709333180999999868e+00
6.799999709999999808e+00,5.741333182333334229e+00
6.799999709999999808e+00,5.775999847666666298e+00
6.799999709999999808e+00,5.810666513000000144e+00
6.879999640000000305e+00,5.839999849999998993e+00
6.879999640000000305e+00,5.874666515333332839e+00
6.799999709999999808e+00,5.906666516666666311e+00
6.879999640000000305e+00,5.943999862000000078e+00
6.799999709999999808e+00,5.978666527333333924e+00
6.879999640000000305e+00,6.010666528333334035e+00
6.879999640000000305e+00,6.039999865666666246e+00
6.879999640000000305e+00,6.074666530999999203e+00
6.879999640000000305e+00,6.109333196666666410e+00
6.879999640000000305e+00,6.146666526333333103e+00
6.879999640000000305e+00,6.175999847666666653e+00
6.879999640000000305e+00,6.207999833000000578e+00
6.879999640000000305e+00,6.239999834333334050e+00
6.879999640000000305e+00,6.274666499666667896e+00
6.879999640000000305e+00,6.311999829333332812e+00
6.960000039999999721e+00,6.346666494999999131e+00
6.960000039999999721e+00,6.381333160666667226e+00
6.960000039999999721e+00,6.418666506000000105e+00
6.960000039999999721e+00,6.455999835333333436e+00
6.960000039999999721e+00,6.490666500700000618e+00
6.960000039999999721e+00,6.527999830366667311e+00
6.960000039999999721e+00,6.562666495699999381e+00
6.960000039999999721e+00,6.602666489366666447e+00
6.960000039999999721e+00,6.639999819033332251e+00
6.960000039999999721e+00,6.677333148433332255e+00
6.960000039999999721e+00,6.714666493799999358e+00
6.960000039999999721e+00,6.751999839133332237e+00
7.039999960000000279e+00,6.789333168799999818e+00
6.960000039999999721e+00,6.826666514366666938e+00
7.039999960000000279e+00,6.863999844000000294e+00
6.960000039999999721e+00,6.901333173599999427e+00
7.039999960000000279e+00,6.935999839266666633e+00
7.039999960000000279e+00,6.975999832933333700e+00
7.039999960000000279e+00,7.013333162433333712e+00
7.039999960000000279e+00,7.053333156000000770e+00
7.039999960000000279e+00,7.087999821533334632e+00
7.039999960000000279e+00,7.127999815200000810e+00
7.039999960000000279e+00,7.167999808866667877e+00
7.039999960000000279e+00,7.207999802399999822e+00
7.119999889999999887e+00,7.245333131899998946e+00
7.039999960000000279e+00,7.282666477233331825e+00
7.119999889999999887e+00,7.319999822599998041e+00
7.039999960000000279e+00,7.359999832166665534e+00
7.119999889999999887e+00,7.399999841833332148e+00
7.119999889999999887e+00,7.434666507133332658e+00
7.119999889999999887e+00,7.471999836499999326e+00
7.119999889999999887e+00,7.503999837666666117e+00
7.119999889999999887e+00,7.541333167166666129e+00
7.119999889999999887e+00,7.578666496733332814e+00
7.039999960000000279e+00,7.615999810366666622e+00
7.119999889999999887e+00,7.650666475666667132e+00
7.119999889999999887e+00,7.685333141200000107e+00
7.119999889999999887e+00,7.719999806600000625e+00
7.119999889999999887e+00,7.759999800233334355e+00
7.119999889999999887e+00,7.797333145633333906e+00
7.119999889999999887e+00,7.831999795133333997e+00
7.119999889999999887e+00,7.866666460466666955e+00
7.199999809999999556e+00,7.903999805799999834e+00
7.119999889999999887e+00,7.941333119433333643e+00
7.119999889999999887e+00,7.975999800733332812e+00
7.199999809999999556e+00,8.010666482033332869e+00
7.199999809999999556e+00,8.045333147266665819e+00
7.199999809999999556e+00,8.079999812499998768e+00
7.199999809999999556e+00,8.117333157899999208e+00
7.199999809999999556e+00,8.149333159199999344e+00
7.199999809999999556e+00,8.183999840466665177e+00
7.199999809999999556e+00,8.215999841633331968e+00
7.119999889999999887e+00,8.247999842999997000e+00
7.119999889999999887e+00,8.282666524266666386e+00
7.279999730000000113e+00,8.314666525533333186e+00
7.279999730000000113e+00,8.351999855066665646e+00
7.199999809999999556e+00,8.383999840433331130e+00
7.199999809999999556e+00,8.415999825833331727e+00
7.199999809999999556e+00,8.450666491233331357e+00
7.279999730000000113e+00,8.482666492499998157e+00
7.199999809999999556e+00,8.514666493766663180e+00
7.279999730000000113e+00,8.546666479133332217e+00
7.279999730000000113e+00,8.581333128633332308e+00
7.279999730000000113e+00,8.613333129933332444e+00
7.279999730000000113e+00,8.645333131199999244e+00
7.279999730000000113e+00,8.674666468333334990e+00
7.279999730000000113e+00,8.703999821366668499e+00
7.279999730000000113e+00,8.733333142633334489e+00
7.279999730000000113e+00,8.762666479766666683e+00
7.359999659999999722e+00,8.789333121033333640e+00
7.279999730000000113e+00,8.815999794066666340e+00
7.359999659999999722e+00,8.845333131199998533e+00
7.279999730000000113e+00,8.871999804233333009e+00
7.279999730000000113e+00,8.901333141366666979e+00
7.359999659999999722e+00,8.930666478533332509e+00
7.359999659999999722e+00,8.957333119766666130e+00
7.359999659999999722e+00,8.983999792799997053e+00
7.359999659999999722e+00,9.010666465833329752e+00
7.359999659999999722e+00,9.039999771199997980e+00
7.359999659999999722e+00,9.066666444199999120e+00
7.359999659999999722e+00,9.090666421333333247e+00
7.440000056999999778e+00,9.114666430233333116e+00
7.359999659999999722e+00,9.143999767400000422e+00
7.359999659999999722e+00,9.170666408666667380e+00
7.440000056999999778e+00,9.197333080900000013e+00
7.359999659999999722e+00,9.218666425666667052e+00
7.359999659999999722e+00,9.242666434566665146e+00
7.359999659999999722e+00,9.269333107566664509e+00
7.359999659999999722e+00,9.295999780599998985e+00
7.440000056999999778e+00,9.322666452033331552e+00
7.440000056999999778e+00,9.343999796833331928e+00
7.440000056999999778e+00,9.370666469866666404e+00
7.359999659999999722e+00,9.394666478766668050e+00
7.440000056999999778e+00,9.421333151766665637e+00
7.440000056999999778e+00,9.445333160833333963e+00
7.440000056999999778e+00,9.466666505599999226e+00
7.440000056999999778e+00,9.487999818600000523e+00
7.440000056999999778e+00,9.514666491600001663e+00
7.519999980999999778e+00,9.538666500500001533e+00
7.519999980999999778e+00,9.562666508766668017e+00
7.519999980999999778e+00,9.583999853533335056e+00
7.519999980999999778e+00,9.605333166533336353e+00
7.440000056999999778e+00,9.629333143633333592e+00
7.519999980999999778e+00,9.653333150966666665e+00
7.519999980999999778e+00,9.674666462533332734e+00
7.519999980999999778e+00,9.693333142399998437e+00
7.519999980999999778e+00,9.714666455399997957e+00
7.519999980999999778e+00,9.735999768399999255e+00
7.519999980999999778e+00,9.757333114133333041e+00
7.519999980999999778e+00,9.778666428266667765e+00
7.519999980999999778e+00,9.797333107333333402e+00
7.519999980999999778e+00,9.815999756200000093e+00
7.599999904999999778e+00,9.834666405066666783e+00
7.599999904999999778e+00,9.855999750000000503e+00
7.599999904999999778e+00,9.874666400000000621e+00
7.519999980999999778e+00,9.890666385699999452e+00
7.599999904999999778e+00,9.909333066366666998e+00
7.599999904999999778e+00,9.930666411166665597e+00
7.599999904999999778e+00,9.949333059399998902e+00
7.599999904999999778e+00,9.967999709399997244e+00
7.599999904999999778e+00,9.986666357633332325e+00
7.599999904999999778e+00,1.000266637416666526e+01
7.599999904999999778e+00,1.002133305479999947e+01
7.599999904999999778e+00,1.004266636893333242e+01
7.599999904999999778e+00,1.005866638559999870e+01
7.599999904999999778e+00,1.007733303306666528e+01
7.599999904999999778e+00,1.009599971369999949e+01
7.599999904999999778e+00,1.011466639436666526e+01
7.599999904999999778e+00,1.013599970769999814e+01
7.599999904999999778e+00,1.015466638769999896e+01
7.679999827999999695e+00,1.017333303769999908e+01
7.679999827999999695e+00,1.018933305423333380e+01
7.599999904999999778e+00,1.021066639743333404e+01
7.679999827999999695e+00,1.022933304743333416e+01
7.679999827999999695e+00,1.024799973076666681e+01
7.679999827999999695e+00,1.026666638076666693e+01
7.679999827999999695e+00,1.028266639649999981e+01
7.679999827999999695e+00,1.030399974223333182e+01
7.679999827999999695e+00,1.032266642223333086e+01
7.679999827999999695e+00,1.034133310223333169e+01
7.679999827999999695e+00,1.035733308889999726e+01
7.679999827999999695e+00,1.037599976796666468e+01
7.759999751999999695e+00,1.039733311289999840e+01
7.759999751999999695e+00,1.041599979289999922e+01
7.759999751999999695e+00,1.043199980956666550e+01
7.759999751999999695e+00,1.044799979289999925e+01
7.679999827999999695e+00,1.046133311193332993e+01
7.679999827999999695e+00,1.047733309683333047e+01
7.759999751999999695e+00,1.049599977683333307e+01
7.759999751999999695e+00,1.051199979349999936e+01
7.759999751999999695e+00,1.052266645016666580e+01
7.759999751999999695e+00,1.053866643506666634e+01
7.839999675999999695e+00,1.055733308253333291e+01
7.759999751999999695e+00,1.057333309919999920e+01
7.759999751999999695e+00,1.058933308253333294e+01
7.759999751999999695e+00,1.060266643586666646e+01
7.839999675999999695e+00,1.061866641999999850e+01
7.839999675999999695e+00,1.063466640333333224e+01
7.839999675999999695e+00,1.065066641999999675e+01
7.839999675999999695e+00,1.066399974333333311e+01
7.839999675999999695e+00,1.067999975999999940e+01
7.839999675999999695e+00,1.069599974333333137e+01
7.839999675999999695e+00,1.071199972999999872e+01
7.839999675999999695e+00,1.073066640999999954e+01
7.839999675999999695e+00,1.074666639333333507e+01
7.839999675999999695e+00,1.076533307333333411e+01
7.919999598999999613e+00,1.078133306000000147e+01
7.839999675999999695e+00,1.079733304333333344e+01
7.839999675999999695e+00,1.081599969333333355e+01
7.839999675999999695e+00,1.083199967666666730e+01
7.839999675999999695e+00,1.085066635666666635e+01
7.919999598999999613e+00,1.086933300666666646e+01
7.839999675999999695e+00,1.088533302333333275e+01
7.919999598999999613e+00,1.090399967333333286e+01
7.839999675999999695e+00,1.092266632333333121e+01
7.919999598999999613e+00,1.093866633999999571e+01
7.919999598999999613e+00,1.095999968666666291e+01
8.000000000000000000e+00,1.098133302999999650e+01
7.919999598999999613e+00,1.099999967999999839e+01
8.000000000000000000e+00,1.101866632999999851e+01
7.919999598999999613e+00,1.103733300999999933e+01
8.000000000000000000e+00,1.105333302666666739e+01
8.000000000000000000e+00,1.107199971000000005e+01
8.000000000000000000e+00,1.109066635666666656e+01
8.000000000000000000e+00,1.110933304000000099e+01
8.000000000000000000e+00,1.112533302666666657e+01
8.000000000000000000e+00,1.114133304333333285e+01
8.000000000000000000e+00,1.116266639000000005e+01
8.000000000000000000e+00,1.118133304000000017e+01
8.000000000000000000e+00,1.119999971999999744e+01
8.000000000000000000e+00,1.121333303999999664e+01
8.000000000000000000e+00,1.123199972333333108e+01
8.000000000000000000e+00,1.125066640333333012e+01
8.000000000000000000e+00,1.126933308666666456e+01
8.000000000000000000e+00,1.128799976666666360e+01
8.000000000000000000e+00,1.130133308666666458e+01
8.000000000000000000e+00,1.131999976666666541e+01
8.000000000000000000e+00,1.133866644666666623e+01
8.000000000000000000e+00,1.135733312666666528e+01
8.000000000000000000e+00,1.137599980666666433e+01
8.000000000000000000e+00,1.139199979333333168e+01
8.079999923999999112e+00,1.140799980999999796e+01
8.000000000000000000e+00,1.142933312333333262e+01
8.000000000000000000e+00,1.145066646666666266e+01
8.079999923999999112e+00,1.146933314666666526e+01
8.079999923999999112e+00,1.148533313333332906e+01
8.079999923999999112e+00,1.150133311666666458e+01
8.079999923999999112e+00,1.151733310333333016e+01
8.159999846999999917e+00,1.153599978333333276e+01
8.159999846999999917e+00,1.155199979999999904e+01
8.079999923999999112e+00,1.156533312333333363e+01
8.079999923999999112e+00,1.157866644333333284e+01
8.079999923999999112e+00,1.159199976333333204e+01
8.079999923999999112e+00,1.160799977999999832e+01
8.079999923999999112e+00,1.162133309999999931e+01
8.079999923999999112e+00,1.163199975666666397e+01
8.079999923999999112e+00,1.164266641333333041e+01
8.079999923999999112e+00,1.165333306999999685e+01
8.079999923999999112e+00,1.166399975666666400e+01
8.079999923999999112e+00,1.167199974666666407e+01
8.159999846999999917e+00,1.167999973999999774e+01
8.159999846999999917e+00,1.168533306666666327e+01
8.159999846999999917e+00,1.169333305999999695e+01
8.079999923999999112e+00,1.170133304999999702e+01
8.079999923999999112e+00,1.170666637999999793e+01
8.079999923999999112e+00,1.170933304666666430e+01
8.079999923999999112e+00,1.171199970999999707e+01
8.079999923999999112e+00,1.171733303999999620e+01
8.079999923999999112e+00,1.172266636666666351e+01
8.159999846999999917e+00,1.172533303333333343e+01
8.079999923999999112e+00,1.172533303333333166e+01
8.079999923999999112e+00,1.172533303333333166e+01
8.079999923999999112e+00,1.172799969666666620e+01
8.079999923999999112e+00,1.172799969666666620e+01
8.159999846999999917e+00,1.172533302999999805e+01
8.159999846999999917e+00,1.172533302999999805e+01
8.159999846999999917e+00,1.172266636666666351e+01
8.159999846999999917e+00,1.172533302999999805e+01
8.159999846999999917e+00,1.172533302999999805e+01
8.079999923999999112e+00,1.172533302999999982e+01
8.079999923999999112e+00,1.172533302999999982e+01
8.159999846999999917e+00,1.172533302999999805e+01
8.079999923999999112e+00,1.172799969333333259e+01
8.079999923999999112e+00,1.172799969333333259e+01
8.079999923999999112e+00,1.172533302666666621e+01
8.079999923999999112e+00,1.172533302666666444e+01
8.159999846999999917e+00,1.172533302666666444e+01
8.079999923999999112e+00,1.172533302666666444e+01
8.159999846999999917e+00,1.172799968999999720e+01
8.159999846999999917e+00,1.173066635666666535e+01
8.079999923999999112e+00,1.173066635666666357e+01
8.159999846999999917e+00,1.173066635666666357e+01
8.159999846999999917e+00,1.173333301999999811e+01
8.159999846999999917e+00,1.173599968333333088e+01
8.159999846999999917e+00,1.173599968333333265e+01
8.159999846999999917e+00,1.173599968333333265e+01
8.159999846999999917e+00,1.173599968333333265e+01
8.159999846999999917e+00,1.173866634666666720e+01
8.079999923999999112e+00,1.173866634666666720e+01
8.159999846999999917e+00,1.173599967999999905e+01
8.079999923999999112e+00,1.173333301333333267e+01
8.159999846999999917e+00,1.173333301333333090e+01
8.079999923999999112e+00,1.173333301333333267e+01
8.159999846999999917e+00,1.173333301333333090e+01
8.159999846999999917e+00,1.173333301333333090e+01
8.159999846999999917e+00,1.173333301333333090e+01
8.079999923999999112e+00,1.173333301333333090e+01
8.079999923999999112e+00,1.173599967666666366e+01
8.159999846999999917e+00,1.173599967666666366e+01
8.079999923999999112e+00,1.173333300999999729e+01
8.159999846999999917e+00,1.173066634333333091e+01
8.079999923999999112e+00,1.173333300666666545e+01
8.079999923999999112e+00,1.173333300666666545e+01
8.079999923999999112e+00,1.173333300666666545e+01
8.159999846999999917e+00,1.173333300666666545e+01
8.159999846999999917e+00,1.173066633999999908e+01
8.079999923999999112e+00,1.173066633999999908e+01
8.159999846999999917e+00,1.173333300333333362e+01
8.159999846999999917e+00,1.173333300333333362e+01
8.159999846999999917e+00,1.173333300333333362e+01
8.159999846999999917e+00,1.173066633666666725e+01
8.159999846999999917e+00,1.173066633666666547e+01
8.159999846999999917e+00,1.173333300000000001e+01
8.079999923999999112e+00,1.173333299999999824e+01
8.079999923999999112e+00,1.173066633333333186e+01
8.079999923999999112e+00,1.172799966666666549e+01
8.159999846999999917e+00,1.172799966666666549e+01
8.159999846999999917e+00,1.173066632999999825e+01
8.159999846999999917e+00,1.173333299333333102e+01
8.159999846999999917e+00,1.173333299333332924e+01
8.079999923999999112e+00,1.173333299333332924e+01
8.159999846999999917e+00,1.173333299333332924e+01
8.079999923999999112e+00,1.173333299333333102e+01
8.159999846999999917e+00,1.173599965666666378e+01
8.079999923999999112e+00,1.173599965666666378e+01
8.079999923999999112e+00,1.173333298999999741e+01
8.159999846999999917e+00,1.173333298999999563e+01
8.079999923999999112e+00,1.173066632666666465e+01
8.079999923999999112e+00,1.173333298999999741e+01
8.079999923999999112e+00,1.173333298999999741e+01
8.079999923999999112e+00,1.173333298999999919e+01
8.079999923999999112e+00,1.173066632666666465e+01
8.079999923999999112e+00,1.173333298999999741e+01
8.079999923999999112e+00,1.173599965333333017e+01
8.159999846999999917e+00,1.173866631999999832e+01
8.079999923999999112e+00,1.173866631999999832e+01
8.159999846999999917e+00,1.173866631999999832e+01
8.159999846999999917e+00,1.173866631999999832e+01
8.159999846999999917e+00,1.174133298333333286e+01
8.159999846999999917e+00,1.173866631666666471e+01
8.079999923999999112e+00,1.173866631666666471e+01
8.159999846999999917e+00,1.173866631666666471e+01
8.159999846999999917e+00,1.173866631666666471e+01
8.079999923999999112e+00,1.173866631666666471e+01
8.079999923999999112e+00,1.173866631666666294e+01
8.079999923999999112e+00,1.173599965333333017e+01
8.159999846999999917e+00,1.173599965333333017e+01
8.079999923999999112e+00,1.173599965333333017e+01
8.079999923999999112e+00,1.173599965333333017e+01
8.079999923999999112e+00,1.173599965333333017e+01
8.079999923999999112e+00,1.173599965333333017e+01
8.079999923999999112e+00,1.173599965333333017e+01
8.079999923999999112e+00,1.173866631666666294e+01
8.079999923999999112e+00,1.173866631666666294e+01
8.079999923999999112e+00,1.173866631666666294e+01
8.079999923999999112e+00,1.173866631666666294e+01
8.079999923999999112e+00,1.173866631666666294e+01
8.079999923999999112e+00,1.174133297999999570e+01
8.079999923999999112e+00,1.173866631666666294e+01
8.159999846999999917e+00,1.173866631666666294e+01
8.159999846999999917e+00,1.173866631666666294e+01
8.159999846999999917e+00,1.173866631666666294e+01
8.159999846999999917e+00,1.173599965333333195e+01
8.159999846999999917e+00,1.173866632000000010e+01
8.159999846999999917e+00,1.173599965333333195e+01
8.159999846999999917e+00,1.173599965333333195e+01
8.159999846999999917e+00,1.173599965333333195e+01
8.159999846999999917e+00,1.173866631666666649e+01
8.159999846999999917e+00,1.174133298333333286e+01
8.159999846999999917e+00,1.174133298333333286e+01
8.159999846999999917e+00,1.174133298333333286e+01
8.079999923999999112e+00,1.174133298333333286e+01
8.079999923999999112e+00,1.174133298333333109e+01
8.079999923999999112e+00,1.174133298333333109e+01
8.079999923999999112e+00,1.173866631999999655e+01
8.079999923999999112e+00,1.173866631999999832e+01
8.159999846999999917e+00,1.173866631999999832e+01
8.159999846999999917e+00,1.173866632000000010e+01
8.159999846999999917e+00,1.173866631999999832e+01
8.159999846999999917e+00,1.173866631999999655e+01
8.079999923999999112e+00,1.173599965666666556e+01
8.079999923999999112e+00,1.173599965666666378e+01
8.079999923999999112e+00,1.173599965666666556e+01
8.079999923999999112e+00,1.173866632333333371e+01
8.159999846999999917e+00,1.173599965999999917e+01
8.079999923999999112e+00,1.173333299666666640e+01
8.159999846999999917e+00,1.173333299666666463e+01
8.079999923999999112e+00,1.173333299666666640e+01
8.079999923999999112e+00,1.173599965999999917e+01
8.079999923999999112e+00,1.173333299666666640e+01
8.079999923999999112e+00,1.173066633333333364e+01
8.159999846999999917e+00,1.173066633333333364e+01
8.159999846999999917e+00,1.173333299666666640e+01
8.159999846999999917e+00,1.173333299666666640e+01
8.159999846999999917e+00,1.173333299666666463e+01
8.159999846999999917e+00,1.173066633333333186e+01
8.079999923999999112e+00,1.173066633333333186e+01
8.079999923999999112e+00,1.173066633333333364e+01
8.079999923999999112e+00,1.172799966666666727e+01
8.079999923999999112e+00,1.172799966666666549e+01
8.079999923999999112e+00,1.172533300333333273e+01
8.079999923999999112e+00,1.172533300333333095e+01
8.079999923999999112e+00,1.172533300333333095e+01
8.079999923999999112e+00,1.172533300333333095e+01
8.159999846999999917e+00,1.172799966666666371e+01
8.159999846999999917e+00,1.172799966666666371e+01
8.079999923999999112e+00,1.172799966666666371e+01
8.079999923999999112e+00,1.172799966666666371e+01
8.159999846999999917e+00,1.173066633333333186e+01
8.159999846999999917e+00,1.172799966999999910e+01
8.159999846999999917e+00,1.172799966999999910e+01
8.079999923999999112e+00,1.172799966999999910e+01
8.079999923999999112e+00,1.172799967000000088e+01
8.159999846999999917e+00,1.172799967000000088e+01
8.159999846999999917e+00,1.172799967000000088e+01
8.159999846999999917e+00,1.172533300666666811e+01
8.079999923999999112e+00,1.135199968000000048e+01
8.159999846999999917e+00,1.096533303333333365e+01
8.079999923999999112e+00,1.055999970666666776e+01
8.159999846999999917e+00,1.015733304333333287e+01
8.159999846999999917e+00,9.773333059999998795e+00
8.079999923999999112e+00,9.399999733333332941e+00
8.079999923999999112e+00,9.013333086666666105e+00
8.079999923999999112e+00,8.605333093333333849e+00
8.159999846999999917e+00,8.199999766666666190e+00
8.159999846999999917e+00,7.815999783333333895e+00
8.159999846999999917e+00,7.442666456666666264e+00
8.079999923999999112e+00,7.055999809999999428e+00
8.079999923999999112e+00,6.650666483333333545e+00
8.159999846999999917e+00,6.245333156666666774e+00
